post_id,user_id,title,content,published
1,1,Getting Started with Web Development,"Web development can seem overwhelming at first, but with the right approach, anyone can learn it. Start with HTML and CSS basics, then move on to JavaScript. Practice building small projects and gradually increase complexity.",true
2,3,The Future of AI in Healthcare,"Artificial Intelligence is revolutionizing healthcare in ways we never imagined. From diagnostic tools to personalized treatment plans, AI is helping doctors make better decisions and improve patient outcomes.",true
3,2,My Journey to Becoming a Data Scientist,"After working in marketing for 5 years, I decided to transition into data science. It wasn't easy, but with dedication and the right resources, I was able to land my dream job. Here's my story.",true
4,5,Best Practices for Remote Work,"Working remotely has become the new normal for many of us. Here are some tips I've learned over the past two years: set boundaries, create a dedicated workspace, and maintain regular communication with your team.",true
5,4,Understanding Machine Learning Algorithms,"Machine learning algorithms can be complex, but understanding the basics is crucial. This post covers the fundamental concepts behind popular algorithms like linear regression, decision trees, and neural networks.",true
6,7,The Art of Effective Communication,"Good communication is essential in both personal and professional life. Learn how to listen actively, express your thoughts clearly, and build stronger relationships through better communication skills.",true
7,6,Sustainable Living Tips for Beginners,"Making your lifestyle more sustainable doesn't have to be overwhelming. Start small with simple changes like reducing plastic use, composting, and choosing energy-efficient appliances.",true
8,9,Cybersecurity Essentials for Small Businesses,"Small businesses are increasingly targeted by cyber attacks. Learn about essential security measures including strong passwords, regular backups, and employee training programs.",true
9,8,The Psychology of Habit Formation,"Understanding how habits work can help you build positive behaviors and break negative ones. This post explores the science behind habit formation and provides practical strategies.",true
10,11,Digital Marketing Trends for 2024,"The digital marketing landscape is constantly evolving. Stay ahead of the curve with these emerging trends including AI-powered personalization, voice search optimization, and interactive content.",true
11,13,Financial Planning for Young Professionals,"Building a solid financial foundation early in your career is crucial. Learn about budgeting, saving, investing, and planning for long-term financial security.",true
12,12,The Benefits of Regular Exercise,"Regular exercise has numerous benefits beyond just physical health. It improves mental well-being, boosts energy levels, and can even enhance cognitive function.",true
13,15,Effective Time Management Strategies,"Time is our most valuable resource. Discover proven strategies for managing your time effectively, including prioritization techniques and productivity tools.",true
14,14,The Impact of Social Media on Mental Health,"Social media has become an integral part of our lives, but it can also affect our mental health. Learn about the potential risks and how to use social media mindfully.",true
15,17,Building a Personal Brand Online,"Your personal brand is how you present yourself to the world. Learn how to build a strong online presence that reflects your values and professional goals.",true
16,16,The Science of Sleep,"Quality sleep is essential for health and well-being. This post explores the science behind sleep and provides tips for improving your sleep hygiene.",true
17,19,Creative Problem-Solving Techniques,"Problem-solving is a crucial skill in any field. Learn creative techniques for approaching complex problems and finding innovative solutions.",true
18,18,The Future of Renewable Energy,"Renewable energy is transforming how we power our world. Explore the latest developments in solar, wind, and other renewable energy technologies.",true
19,21,Effective Leadership Skills,"Great leaders inspire and motivate their teams. Learn about essential leadership skills including communication, empathy, decision-making, and strategic thinking.",true
20,20,The Psychology of Motivation,"Understanding what motivates us can help us achieve our goals. This post explores different theories of motivation and practical applications.",true
21,23,Digital Transformation in Business,"Digital transformation is reshaping industries worldwide. Learn how businesses are adapting to new technologies and what this means for the future of work.",true
22,22,The Art of Public Speaking,"Public speaking is a valuable skill that can boost your confidence and career. Learn techniques for overcoming fear and delivering compelling presentations.",true
23,25,Environmental Conservation Efforts,"Protecting our environment is more important than ever. Discover how individuals and organizations are working to conserve natural resources and combat climate change.",true
24,24,The Psychology of Decision Making,"Every day we make countless decisions. Understanding the psychology behind decision-making can help us make better choices and avoid common cognitive biases.",true
25,27,Innovation in Education Technology,"Technology is transforming education in exciting ways. Explore how AI, virtual reality, and other technologies are enhancing learning experiences.",true
26,26,Work-Life Balance Strategies,"Achieving work-life balance is challenging but essential for well-being. Learn practical strategies for managing competing demands and maintaining harmony.",true
27,29,The Future of Transportation,"Transportation is evolving rapidly with electric vehicles, autonomous cars, and new mobility solutions. Discover what the future holds for how we get around.",true
28,28,Effective Team Building,"Strong teams are the foundation of successful organizations. Learn how to build cohesive teams through trust, communication, and shared goals.",true
29,31,The Psychology of Learning,"Understanding how we learn can improve our educational experiences. This post explores cognitive science and effective learning strategies.",true
30,30,Digital Privacy in the Modern Age,"Protecting your digital privacy is increasingly important. Learn about data security, privacy settings, and how to safeguard your personal information online.",true
31,33,The Art of Negotiation,"Negotiation skills are valuable in both personal and professional contexts. Learn techniques for achieving win-win outcomes and building stronger relationships.",true
32,32,The Impact of Technology on Society,"Technology is reshaping society in profound ways. Explore both the benefits and challenges of our increasingly digital world.",true
33,35,Personal Development Strategies,"Continuous personal development is key to long-term success. Discover strategies for setting goals, building skills, and creating positive change in your life.",true
34,34,The Future of Work,"The nature of work is changing rapidly. Learn about emerging trends including remote work, automation, and the gig economy.",true
35,37,Effective Communication in Relationships,"Strong relationships are built on effective communication. Learn how to express your needs, listen actively, and resolve conflicts constructively.",true
36,36,The Psychology of Success,"Success is not just about talent or luck. Understanding the psychology of success can help you develop the mindset and habits needed to achieve your goals.",true
37,39,Innovation in Healthcare Technology,"Healthcare technology is advancing rapidly, improving patient care and outcomes. Explore the latest developments in medical technology and their potential impact.",true
38,38,The Art of Storytelling,"Storytelling is a powerful tool for communication and connection. Learn how to craft compelling narratives that engage and inspire your audience.",true
39,41,Environmental Sustainability in Business,"Businesses are increasingly recognizing the importance of sustainability. Learn how companies are integrating environmental responsibility into their operations.",true
40,40,The Psychology of Change,"Change is inevitable, but it can be challenging. Understanding the psychology of change can help you navigate transitions more effectively.",true
41,43,Digital Marketing Strategies for Small Businesses,"Small businesses can compete effectively online with the right digital marketing strategies. Learn about cost-effective approaches to reach your target audience.",true
42,42,The Future of Artificial Intelligence,"Artificial Intelligence is transforming industries and creating new opportunities. Explore the current state of AI and what the future might hold.",true
43,45,Effective Project Management,"Successful project management requires planning, organization, and communication. Learn essential skills for leading projects to completion.",true
44,44,Creative Problem-Solving in Business,"Creative problem-solving can give businesses a competitive advantage. Learn techniques for fostering innovation and finding unique solutions.",true
45,47,Cybersecurity for Individuals,"Protecting yourself online is more important than ever. Learn about common threats and practical steps to enhance your digital security.",true
46,46,The Art of Active Listening,"Active listening is a crucial communication skill. Learn how to listen more effectively and build stronger relationships through better understanding.",true
47,49,Financial Literacy for Everyone,"Financial literacy is essential for making informed decisions about money. Learn about budgeting, saving, investing, and financial planning.",true
48,48,The Psychology of Stress Management,"Stress is a natural part of life, but managing it effectively is crucial for health and well-being. Learn practical strategies for reducing stress.",true
49,1,Advanced JavaScript Techniques,"JavaScript is a powerful language with many advanced features. This post covers topics like closures, promises, and functional programming concepts.",true
50,3,AI Ethics and Responsible Development,"As AI becomes more sophisticated, ethical considerations become increasingly important. Explore the challenges and responsibilities of AI development.",true
51,2,Data Visualization Best Practices,"Effective data visualization can make complex information accessible and engaging. Learn about design principles and tools for creating compelling visualizations.",true
52,5,Remote Team Collaboration Tools,"Collaborating effectively with remote teams requires the right tools and processes. Discover the best platforms and practices for virtual teamwork.",true
53,4,Introduction to Deep Learning,"Deep learning is revolutionizing AI applications. Learn about neural networks, backpropagation, and how to get started with deep learning projects.",true
54,7,Conflict Resolution Strategies,"Conflicts are inevitable in any relationship or workplace. Learn effective strategies for resolving disputes and maintaining positive relationships.",true
55,6,Zero Waste Living Guide,"Living a zero-waste lifestyle is challenging but rewarding. Learn practical tips for reducing your environmental impact and living more sustainably.",true
56,9,Cloud Security Best Practices,"Cloud computing offers many benefits, but security is crucial. Learn about best practices for protecting data and applications in the cloud.",true
57,8,The Psychology of Goal Setting,"Setting and achieving goals requires more than just willpower. Learn about the psychology behind effective goal setting and achievement.",true
58,11,Content Marketing Strategies,"Content marketing is essential for building brand awareness and engaging customers. Learn how to create valuable content that drives results.",true
59,13,Investment Basics for Beginners,"Investing can seem intimidating, but understanding the basics is crucial for building wealth. Learn about different investment options and strategies.",true
60,12,The Science of Nutrition,"Good nutrition is fundamental to health and well-being. Learn about the science behind healthy eating and how to make better food choices.",true
61,15,Productivity Hacks for Busy Professionals,"Maximizing productivity is essential in today's fast-paced world. Discover proven techniques for getting more done in less time.",true
62,14,Social Media Marketing Trends,"Social media marketing is constantly evolving. Stay current with the latest trends and strategies for engaging your audience effectively.",true
63,17,Personal Branding on LinkedIn,"LinkedIn is a powerful platform for building your professional brand. Learn how to optimize your profile and create engaging content.",true
64,16,The Psychology of Happiness,"Happiness is not just about external circumstances. Learn about the psychology of happiness and how to cultivate greater well-being.",true
65,19,Design Thinking in Business,"Design thinking is a powerful approach to problem-solving and innovation. Learn how to apply design thinking principles in your work.",true
66,18,Renewable Energy Investment Opportunities,"Investing in renewable energy can be both profitable and environmentally responsible. Learn about opportunities in this growing sector.",true
67,21,Emotional Intelligence in Leadership,"Emotional intelligence is crucial for effective leadership. Learn how to develop your EQ and build stronger relationships with your team.",true
68,20,The Psychology of Procrastination,"Procrastination affects everyone at some point. Understanding the psychology behind it can help you overcome this common challenge.",true
69,23,Digital Transformation Case Studies,"Learn from real-world examples of successful digital transformation initiatives. Discover what works and what to avoid.",true
70,22,Presentation Skills for Technical Professionals,"Technical professionals often need to present complex information to non-technical audiences. Learn how to make your presentations more engaging and effective.",true
71,25,Climate Change Solutions,"Addressing climate change requires collective action. Learn about innovative solutions and how individuals can contribute to positive change.",true
72,24,Cognitive Bias in Decision Making,"Cognitive biases can affect our decision-making in subtle ways. Learn to recognize and overcome common biases for better choices.",true
73,27,Online Learning Platforms Comparison,"Online learning has become increasingly popular. Compare different platforms and find the best options for your educational goals.",true
74,26,Stress Management for Entrepreneurs,"Entrepreneurs face unique challenges and stressors. Learn effective strategies for managing stress while building your business.",true
75,29,Electric Vehicle Market Trends,"Electric vehicles are becoming more mainstream. Learn about market trends, technology developments, and what the future holds.",true
76,28,Team Dynamics and Group Psychology,"Understanding team dynamics can help you build more effective teams. Learn about group psychology and team development stages.",true
77,31,Memory Techniques for Learning,"Improving your memory can enhance learning and productivity. Discover proven techniques for better retention and recall.",true
78,30,Privacy-Focused Technology Tools,"Protecting your privacy online is increasingly important. Learn about tools and practices for maintaining digital privacy.",true
79,33,International Business Negotiation,"International business requires understanding cultural differences in negotiation. Learn strategies for successful cross-cultural deals.",true
80,32,Technology Addiction and Digital Wellness,"Technology addiction is a growing concern. Learn about digital wellness and how to maintain a healthy relationship with technology.",true
81,35,Goal Achievement Framework,"Achieving goals requires a systematic approach. Learn about proven frameworks for setting and reaching your objectives.",true
82,34,Automation and Job Market Changes,"Automation is transforming the job market. Learn about emerging trends and how to prepare for the future of work.",true
83,37,Communication in Cross-Cultural Relationships,"Cross-cultural relationships require special communication skills. Learn how to bridge cultural differences and build stronger connections.",true
84,36,The Psychology of Resilience,"Resilience is the ability to bounce back from adversity. Learn how to develop greater resilience and cope with life's challenges.",true
85,39,Telemedicine and Digital Health,"Digital health technologies are transforming healthcare delivery. Learn about telemedicine and other innovations in healthcare.",true
86,38,Storytelling in Marketing,"Storytelling is a powerful marketing tool. Learn how to use stories to connect with your audience and build your brand.",true
87,41,Corporate Social Responsibility,"Corporate social responsibility is becoming increasingly important. Learn how businesses can create positive social and environmental impact.",true
88,40,Managing Organizational Change,"Organizational change can be challenging to implement. Learn strategies for leading successful change initiatives.",true
89,43,Local SEO Strategies,"Local SEO is crucial for businesses serving specific geographic areas. Learn how to optimize your online presence for local search.",true
90,42,Machine Learning Applications,"Machine learning has applications across many industries. Learn about real-world use cases and how to get started with ML projects.",true
91,45,Agile Project Management,"Agile methodologies are popular for managing projects. Learn about Scrum, Kanban, and other agile approaches.",true
92,44,Creative Problem-Solving in Business,"Creative problem-solving can give businesses a competitive advantage. Learn techniques for fostering innovation and finding unique solutions.",true
93,47,Home Network Security,"Securing your home network is essential for protecting your personal information. Learn about router security, firewalls, and other protective measures.",true
94,46,Empathetic Communication,"Empathetic communication builds stronger relationships. Learn how to listen with empathy and respond with understanding.",true
95,49,Retirement Planning Strategies,"Planning for retirement requires careful consideration of many factors. Learn about different retirement strategies and how to prepare for your future.",true
96,48,Mindfulness and Stress Reduction,"Mindfulness practices can help reduce stress and improve well-being. Learn about meditation, breathing exercises, and other mindfulness techniques.",true
97,1,React Development Best Practices,"React is a popular framework for building user interfaces. Learn about best practices for writing clean, maintainable React code.",true
98,3,AI Ethics and Responsible Development,"As AI becomes more powerful, ethical considerations become crucial. Learn about responsible AI development and deployment practices.",true
100,5,Remote Work Productivity Tools,"Remote work requires the right tools for productivity. Learn about the best tools for collaboration, communication, and task management.",false
