user_id,username,email,created_at
1,john_doe,john.doe@email.com,2023-01-15 09:30:00
2,sarah_smith,sarah.smith@email.com,2023-01-20 14:22:15
3,mike_wilson,mike.wilson@email.com,2023-02-05 11:45:30
4,emma_davis,emma.davis@email.com,2023-02-12 16:18:45
5,alex_brown,alex.brown@email.com,2023-02-25 08:55:12
6,lisa_johnson,lisa.johnson@email.com,2023-03-03 13:40:28
7,david_miller,david.miller@email.com,2023-03-10 10:15:33
8,anna_garcia,anna.garcia@email.com,2023-03-18 15:30:45
9,chris_rodriguez,chris.rodriguez@email.com,2023-03-25 12:05:20
10,maria_martinez,maria.martinez@email.com,2023-04-02 09:50:15
11,james_anderson,james.anderson@email.com,2023-04-08 14:25:40
12,rachel_taylor,rachel.taylor@email.com,2023-04-15 11:10:55
13,thomas_thomas,thomas.thomas@email.com,2023-04-22 16:45:30
14,olivia_hernandez,olivia.hernandez@email.com,2023-04-29 08:20:12
15,daniel_moore,daniel.moore@email.com,2023-05-06 13:35:25
16,sophia_martin,sophia.martin@email.com,2023-05-13 10:40:18
17,william_jackson,william.jackson@email.com,2023-05-20 15:55:42
18,ava_thompson,ava.thompson@email.com,2023-05-27 12:30:35
19,benjamin_white,benjamin.white@email.com,2023-06-03 09:15:50
20,isabella_lopez,isabella.lopez@email.com,2023-06-10 14:50:22
21,ethan_lee,ethan.lee@email.com,2023-06-17 11:25:15
22,mia_gonzalez,mia.gonzalez@email.com,2023-06-24 16:40:38
23,alexander_harris,alexander.harris@email.com,2023-07-01 08:35:45
24,charlotte_clark,charlotte.clark@email.com,2023-07-08 13:20:30
25,henry_lewis,henry.lewis@email.com,2023-07-15 10:45:12
26,amelia_robinson,amelia.robinson@email.com,2023-07-22 15:10:25
27,sebastian_walker,sebastian.walker@email.com,2023-07-29 12:55:40
28,harper_young,harper.young@email.com,2023-08-05 09:30:15
29,elijah_king,elijah.king@email.com,2023-08-12 14:05:28
30,abigail_wright,abigail.wright@email.com,2023-08-19 11:40:35
31,matthew_scott,matthew.scott@email.com,2023-08-26 16:15:50
32,emily_torres,emily.torres@email.com,2023-09-02 08:50:22
33,noah_nguyen,noah.nguyen@email.com,2023-09-09 13:25:15
34,elizabeth_hill,elizabeth.hill@email.com,2023-09-16 10:40:38
35,logan_flores,logan.flores@email.com,2023-09-23 15:55:45
36,sofia_green,sofia.green@email.com,2023-09-30 12:30:30
37,jacob_adams,jacob.adams@email.com,2023-10-07 09:15:12
38,madison_nelson,madison.nelson@email.com,2023-10-14 14:40:25
39,owen_baker,owen.baker@email.com,2023-10-21 11:25:40
40,avery_hall,avery.hall@email.com,2023-10-28 16:50:15
41,ethan_rivera,ethan.rivera@email.com,2023-11-04 08:35:28
42,ella_campbell,ella.campbell@email.com,2023-11-11 13:10:35
43,daniel_mitchell,daniel.mitchell@email.com,2023-11-18 10:45:50
44,scarlett_carter,scarlett.carter@email.com,2023-11-25 15:20:22
45,jackson_roberts,jackson.roberts@email.com,2023-12-02 12:55:15
46,victoria_turner,victoria.turner@email.com,2023-12-09 09:30:38
47,sebastian_phillips,sebastian.phillips@email.com,2023-12-16 14:05:45
48,luna_campbell,luna.campbell@email.com,2023-12-23 11:40:30
49,grayson_parker,grayson.parker@email.com,2023-12-30 16:15:12
50,layla_evans,layla.evans@email.com,2024-01-06 08:50:25 